Method,Job,AnalyzeLaunchVariance,EvaluateOverhead,MaxAbsoluteError,MaxRelativeError,MinInvokeCount,MinIterationTime,OutlierMode,Affinity,EnvironmentVariables,Jit,LargeAddressAware,Platform,PowerPlanMode,Runtime,AllowVeryLargeObjects,Concurrent,CpuGroups,Force,HeapAffinitizeMask,HeapCount,NoAffinitize,RetainVm,Server,Arguments,BuildConfiguration,Clock,EngineFactory,NuGetReferences,Toolchain,IsMutator,InvocationCount,IterationCount,IterationTime,LaunchCount,MaxIterationCount,MaxWarmupIterationCount,MemoryRandomization,MinIterationCount,MinWarmupIterationCount,RunStrategy,UnrollFactor,WarmupCount,Scale,Mean,Error,StdDev,Ratio,RatioSD
All,Job-FGEKWY,False,Default,Default,Default,Default,Default,Default,111111111111111111111111,Empty,RyuJit,Default,X64,8c5e7fda-e8bf-4a96-9a85-a6e23a8c635c,.NET 10.0,False,True,False,True,Default,Default,False,False,False,Default,Default,Default,Default,Default,Default,Default,Default,3,Default,1,Default,Default,Default,Default,Default,Default,16,1,0.065,"83,342.2 μs","127,343.3 μs","6,980.12 μs",1.00,0.10
ClearOnly,Job-FGEKWY,False,Default,Default,Default,Default,Default,Default,111111111111111111111111,Empty,RyuJit,Default,X64,8c5e7fda-e8bf-4a96-9a85-a6e23a8c635c,.NET 10.0,False,True,False,True,Default,Default,False,False,False,Default,Default,Default,Default,Default,Default,Default,Default,3,Default,1,Default,Default,Default,Default,Default,Default,16,1,0.065,839.3 μs,"1,139.9 μs",62.48 μs,0.01,0.00
GridOnly,Job-FGEKWY,False,Default,Default,Default,Default,Default,Default,111111111111111111111111,Empty,RyuJit,Default,X64,8c5e7fda-e8bf-4a96-9a85-a6e23a8c635c,.NET 10.0,False,True,False,True,Default,Default,False,False,False,Default,Default,Default,Default,Default,Default,Default,Default,3,Default,1,Default,Default,Default,Default,Default,Default,16,1,0.065,"42,218.0 μs","44,656.4 μs","2,447.77 μs",0.51,0.04
DotsOnly,Job-FGEKWY,False,Default,Default,Default,Default,Default,Default,111111111111111111111111,Empty,RyuJit,Default,X64,8c5e7fda-e8bf-4a96-9a85-a6e23a8c635c,.NET 10.0,False,True,False,True,Default,Default,False,False,False,Default,Default,Default,Default,Default,Default,Default,Default,3,Default,1,Default,Default,Default,Default,Default,Default,16,1,0.065,"9,565.6 μs","16,018.0 μs",878.00 μs,0.12,0.01
HexLabelsOnly,Job-FGEKWY,False,Default,Default,Default,Default,Default,Default,111111111111111111111111,Empty,RyuJit,Default,X64,8c5e7fda-e8bf-4a96-9a85-a6e23a8c635c,.NET 10.0,False,True,False,True,Default,Default,False,False,False,Default,Default,Default,Default,Default,Default,Default,Default,3,Default,1,Default,Default,Default,Default,Default,Default,16,1,0.065,"32,571.8 μs","59,939.3 μs","3,285.48 μs",0.39,0.04
GridOnlyOnePath,Job-FGEKWY,False,Default,Default,Default,Default,Default,Default,111111111111111111111111,Empty,RyuJit,Default,X64,8c5e7fda-e8bf-4a96-9a85-a6e23a8c635c,.NET 10.0,False,True,False,True,Default,Default,False,False,False,Default,Default,Default,Default,Default,Default,Default,Default,3,Default,1,Default,Default,Default,Default,Default,Default,16,1,0.065,"91,983.2 μs","143,944.0 μs","7,890.06 μs",1.11,0.11
GridOnlyPerItemReplica,Job-FGEKWY,False,Default,Default,Default,Default,Default,Default,111111111111111111111111,Empty,RyuJit,Default,X64,8c5e7fda-e8bf-4a96-9a85-a6e23a8c635c,.NET 10.0,False,True,False,True,Default,Default,False,False,False,Default,Default,Default,Default,Default,Default,Default,Default,3,Default,1,Default,Default,Default,Default,Default,Default,16,1,0.065,"44,308.6 μs","40,459.9 μs","2,217.74 μs",0.53,0.04
GridOnlyDefaultCompositing,Job-FGEKWY,False,Default,Default,Default,Default,Default,Default,111111111111111111111111,Empty,RyuJit,Default,X64,8c5e7fda-e8bf-4a96-9a85-a6e23a8c635c,.NET 10.0,False,True,False,True,Default,Default,False,False,False,Default,Default,Default,Default,Default,Default,Default,Default,3,Default,1,Default,Default,Default,Default,Default,Default,16,1,0.065,"50,597.4 μs","189,598.0 μs","10,392.51 μs",0.61,0.12
GridOnlyPArgb,Job-FGEKWY,False,Default,Default,Default,Default,Default,Default,111111111111111111111111,Empty,RyuJit,Default,X64,8c5e7fda-e8bf-4a96-9a85-a6e23a8c635c,.NET 10.0,False,True,False,True,Default,Default,False,False,False,Default,Default,Default,Default,Default,Default,Default,Default,3,Default,1,Default,Default,Default,Default,Default,Default,16,1,0.065,"65,825.4 μs","61,145.2 μs","3,351.58 μs",0.79,0.07
All,Job-FGEKWY,False,Default,Default,Default,Default,Default,Default,111111111111111111111111,Empty,RyuJit,Default,X64,8c5e7fda-e8bf-4a96-9a85-a6e23a8c635c,.NET 10.0,False,True,False,True,Default,Default,False,False,False,Default,Default,Default,Default,Default,Default,Default,Default,3,Default,1,Default,Default,Default,Default,Default,Default,16,1,1,"1,297,726.5 μs","856,209.1 μs","46,931.71 μs",1.00,0.04
ClearOnly,Job-FGEKWY,False,Default,Default,Default,Default,Default,Default,111111111111111111111111,Empty,RyuJit,Default,X64,8c5e7fda-e8bf-4a96-9a85-a6e23a8c635c,.NET 10.0,False,True,False,True,Default,Default,False,False,False,Default,Default,Default,Default,Default,Default,Default,Default,3,Default,1,Default,Default,Default,Default,Default,Default,16,1,1,"222,283.1 μs","192,404.9 μs","10,546.36 μs",0.17,0.01
GridOnly,Job-FGEKWY,False,Default,Default,Default,Default,Default,Default,111111111111111111111111,Empty,RyuJit,Default,X64,8c5e7fda-e8bf-4a96-9a85-a6e23a8c635c,.NET 10.0,False,True,False,True,Default,Default,False,False,False,Default,Default,Default,Default,Default,Default,Default,Default,3,Default,1,Default,Default,Default,Default,Default,Default,16,1,1,"874,146.7 μs","1,257,954.9 μs","68,952.75 μs",0.67,0.05
DotsOnly,Job-FGEKWY,False,Default,Default,Default,Default,Default,Default,111111111111111111111111,Empty,RyuJit,Default,X64,8c5e7fda-e8bf-4a96-9a85-a6e23a8c635c,.NET 10.0,False,True,False,True,Default,Default,False,False,False,Default,Default,Default,Default,Default,Default,Default,Default,3,Default,1,Default,Default,Default,Default,Default,Default,16,1,1,"261,514.9 μs","247,297.4 μs","13,555.21 μs",0.20,0.01
HexLabelsOnly,Job-FGEKWY,False,Default,Default,Default,Default,Default,Default,111111111111111111111111,Empty,RyuJit,Default,X64,8c5e7fda-e8bf-4a96-9a85-a6e23a8c635c,.NET 10.0,False,True,False,True,Default,Default,False,False,False,Default,Default,Default,Default,Default,Default,Default,Default,3,Default,1,Default,Default,Default,Default,Default,Default,16,1,1,"560,838.8 μs","558,552.0 μs","30,616.12 μs",0.43,0.02
GridOnlyOnePath,Job-FGEKWY,False,Default,Default,Default,Default,Default,Default,111111111111111111111111,Empty,RyuJit,Default,X64,8c5e7fda-e8bf-4a96-9a85-a6e23a8c635c,.NET 10.0,False,True,False,True,Default,Default,False,False,False,Default,Default,Default,Default,Default,Default,Default,Default,3,Default,1,Default,Default,Default,Default,Default,Default,16,1,1,"1,456,176.6 μs","369,176.7 μs","20,235.82 μs",1.12,0.04
GridOnlyPerItemReplica,Job-FGEKWY,False,Default,Default,Default,Default,Default,Default,111111111111111111111111,Empty,RyuJit,Default,X64,8c5e7fda-e8bf-4a96-9a85-a6e23a8c635c,.NET 10.0,False,True,False,True,Default,Default,False,False,False,Default,Default,Default,Default,Default,Default,Default,Default,3,Default,1,Default,Default,Default,Default,Default,Default,16,1,1,"849,482.7 μs","789,678.6 μs","43,284.95 μs",0.66,0.04
GridOnlyDefaultCompositing,Job-FGEKWY,False,Default,Default,Default,Default,Default,Default,111111111111111111111111,Empty,RyuJit,Default,X64,8c5e7fda-e8bf-4a96-9a85-a6e23a8c635c,.NET 10.0,False,True,False,True,Default,Default,False,False,False,Default,Default,Default,Default,Default,Default,Default,Default,3,Default,1,Default,Default,Default,Default,Default,Default,16,1,1,"811,886.9 μs","515,492.2 μs","28,255.86 μs",0.63,0.03
GridOnlyPArgb,Job-FGEKWY,False,Default,Default,Default,Default,Default,Default,111111111111111111111111,Empty,RyuJit,Default,X64,8c5e7fda-e8bf-4a96-9a85-a6e23a8c635c,.NET 10.0,False,True,False,True,Default,Default,False,False,False,Default,Default,Default,Default,Default,Default,Default,Default,3,Default,1,Default,Default,Default,Default,Default,Default,16,1,1,"1,076,335.4 μs","658,244.6 μs","36,080.61 μs",0.83,0.04
